Year,UNIT_MEASURE,Местность,Пол,Регионы,Value
2016,процент,,,,85.39276489421441
2016,процент,,мужчины,,86.01883910688599
2016,процент,,женщины,,84.81702054951407
2016,процент,городское население,,,88.46515284697418
2016,процент,городское население,мужчины,,88.95827581501091
2016,процент,городское население,женщины,,88.03823423621556
2016,процент,сельское население,,,81.26218500076591
2016,процент,сельское население,мужчины,,82.34612496929724
2016,процент,сельское население,женщины,,80.18135904222228
2016,процент,,,Акмолинская,85.94736921294553
2016,процент,,мужчины,Акмолинская,87.64054450419283
2016,процент,,женщины,Акмолинская,84.3835560932408
2016,процент,городское население,,Акмолинская,90.17833600226378
2016,процент,городское население,мужчины,Акмолинская,91.56818686196185
2016,процент,городское население,женщины,Акмолинская,88.97682170821493
2016,процент,сельское население,,Акмолинская,82.22591080295439
2016,процент,сельское население,мужчины,Акмолинская,84.40236902883537
2016,процент,сельское население,женщины,Акмолинская,80.09568039391226
2016,процент,,,Актюбинская,85.0465751621079
2016,процент,,мужчины,Актюбинская,85.27780963302753
2016,процент,,женщины,Актюбинская,84.8345182256063
2016,процент,городское население,,Актюбинская,90.1578746909544
2016,процент,городское население,мужчины,Актюбинская,91.15139850078073
2016,процент,городское население,женщины,Актюбинская,89.28848598933305
2016,процент,сельское население,,Актюбинская,76.60144840555355
2016,процент,сельское население,мужчины,Актюбинская,76.17725090079884
2016,процент,сельское население,женщины,Актюбинская,77.02172338884866
2016,процент,,,Алматинская,87.91319666880207
2016,процент,,мужчины,Алматинская,87.6373173545866
2016,процент,,женщины,Алматинская,88.177638060187
2016,процент,городское население,,Алматинская,88.35053545327088
2016,процент,городское население,мужчины,Алматинская,89.00408701384312
2016,процент,городское население,женщины,Алматинская,87.76775091581982
2016,процент,сельское население,,Алматинская,87.77605865983591
2016,процент,сельское население,мужчины,Алматинская,87.22947231266258
2016,процент,сельское население,женщины,Алматинская,88.31196683396773
2016,процент,,,Атырауская,85.13106520970629
2016,процент,,мужчины,Атырауская,86.1014931175663
2016,процент,,женщины,Атырауская,84.2073410480383
2016,процент,городское население,,Атырауская,90.16725058391724
2016,процент,городское население,мужчины,Атырауская,92.89981556816477
2016,процент,городское население,женщины,Атырауская,87.7181882172431
2016,процент,сельское население,,Атырауская,80.60174574535526
2016,процент,сельское население,мужчины,Атырауская,80.334850163159
2016,процент,сельское население,женщины,Атырауская,80.86991179058347
2016,процент,,,Западно-Казахстанская,90.09345529671481
2016,процент,,мужчины,Западно-Казахстанская,90.83037562851229
2016,процент,,женщины,Западно-Казахстанская,89.41638444371223
2016,процент,городское население,,Западно-Казахстанская,94.99571264396444
2016,процент,городское население,мужчины,Западно-Казахстанская,95.6684600706935
2016,процент,городское население,женщины,Западно-Казахстанская,94.43410822349738
2016,процент,сельское население,,Западно-Казахстанская,85.23871604242275
2016,процент,сельское население,мужчины,Западно-Казахстанская,86.49196375978235
2016,процент,сельское население,женщины,Западно-Казахстанская,83.97306063481722
2016,процент,,,Жымбылская,75.82514373915541
2016,процент,,мужчины,Жымбылская,77.0074229886656
2016,процент,,женщины,Жымбылская,74.70195148234625
2016,процент,городское население,,Жымбылская,81.37588815996311
2016,процент,городское население,мужчины,Жымбылская,80.66243209454346
2016,процент,городское население,женщины,Жымбылская,82.00181983621474
2016,процент,сельское население,,Жымбылская,72.06136026505361
2016,процент,сельское население,мужчины,Жымбылская,74.6940412108481
2016,процент,сельское население,женщины,Жымбылская,69.42181396440947
2016,процент,,,Карагандинская,82.75635732624599
2016,процент,,мужчины,Карагандинская,84.53645986398767
2016,процент,,женщины,Карагандинская,81.18292229049726
2016,процент,городское население,,Карагандинская,85.30012955818016
2016,процент,городское население,мужчины,Карагандинская,87.29712403563455
2016,процент,городское население,женщины,Карагандинская,83.59875850327325
2016,процент,сельское население,,Карагандинская,73.01578648141371
2016,процент,сельское население,мужчины,Карагандинская,74.89284804114635
2016,процент,сельское население,женщины,Карагандинская,71.10664268377934
2016,процент,,,Костанайская,89.74659053254585
2016,процент,,мужчины,Костанайская,91.2306521589786
2016,процент,,женщины,Костанайская,88.43215033758086
2016,процент,городское население,,Костанайская,92.28325736572529
2016,процент,городское население,мужчины,Костанайская,94.05019371100494
2016,процент,городское население,женщины,Костанайская,90.81986366389326
2016,процент,сельское население,,Костанайская,86.90678177881945
2016,процент,сельское население,мужчины,Костанайская,88.30237055151275
2016,процент,сельское население,женщины,Костанайская,85.5746588653868
2016,процент,,,Кызылординская,83.86916667689248
2016,процент,,мужчины,Кызылординская,84.09738761306565
2016,процент,,женщины,Кызылординская,83.64348558249644
2016,процент,городское население,,Кызылординская,91.84761026804709
2016,процент,городское население,мужчины,Кызылординская,90.55970203967917
2016,процент,городское население,женщины,Кызылординская,93.05370556005657
2016,процент,сельское население,,Кызылординская,77.7858579523336
2016,процент,сельское население,мужчины,Кызылординская,79.40283562533952
2016,процент,сельское население,женщины,Кызылординская,76.11913258303595
2016,процент,,,Мангистауская,87.02812089654898
2016,процент,,мужчины,Мангистауская,87.22315101690235
2016,процент,,женщины,Мангистауская,86.83760043451389
2016,процент,городское население,,Мангистауская,94.00157109190887
2016,процент,городское население,мужчины,Мангистауская,95.47805922226186
2016,процент,городское население,женщины,Мангистауская,92.6143462229942
2016,процент,сельское население,,Мангистауская,80.52878015207372
2016,процент,сельское население,мужчины,Мангистауская,79.81740142586933
2016,процент,сельское население,женщины,Мангистауская,81.2494012395263
2016,процент,,,Павлодарская,89.62053227814047
2016,процент,,мужчины,Павлодарская,91.29574461413029
2016,процент,,женщины,Павлодарская,88.14968185309903
2016,процент,городское население,,Павлодарская,92.07976841694902
2016,процент,городское население,мужчины,Павлодарская,92.94764936827627
2016,процент,городское население,женщины,Павлодарская,91.354382385187
2016,процент,сельское население,,Павлодарская,83.68603039416334
2016,процент,сельское население,мужчины,Павлодарская,87.64547175129867
2016,процент,сельское население,женщины,Павлодарская,79.77295565571242
2016,процент,,,Северо-Казахстанская,81.53401618418404
2016,процент,,мужчины,Северо-Казахстанская,84.01467098518606
2016,процент,,женщины,Северо-Казахстанская,79.30282023871187
2016,процент,городское население,,Северо-Казахстанская,83.0566386800094
2016,процент,городское население,мужчины,Северо-Казахстанская,85.03402034287751
2016,процент,городское население,женщины,Северо-Казахстанская,81.45904682648913
2016,процент,сельское население,,Северо-Казахстанская,80.35189809932429
2016,процент,сельское население,мужчины,Северо-Казахстанская,83.29857925320432
2016,процент,сельское население,женщины,Северо-Казахстанская,77.47268047188584
2016,процент,,,Туркестанская,78.11226862017563
2016,процент,,мужчины,Туркестанская,78.41235079701069
2016,процент,,женщины,Туркестанская,77.80838073151223
2016,процент,городское население,,Туркестанская,77.47997026513586
2016,процент,городское население,мужчины,Туркестанская,77.58517328027143
2016,процент,городское население,женщины,Туркестанская,77.37555701843225
2016,процент,сельское население,,Туркестанская,78.26404767724206
2016,процент,сельское население,мужчины,Туркестанская,78.60845909044247
2016,процент,сельское население,женщины,Туркестанская,77.91358075899119
2016,процент,,,Восточно-Казахстанская,89.48834353486124
2016,процент,,мужчины,Восточно-Казахстанская,91.28610311110813
2016,процент,,женщины,Восточно-Казахстанская,87.87797916563005
2016,процент,городское население,,Восточно-Казахстанская,92.351186489236
2016,процент,городское население,мужчины,Восточно-Казахстанская,92.60615765339544
2016,процент,городское население,женщины,Восточно-Казахстанская,92.13783156951023
2016,процент,сельское население,,Восточно-Казахстанская,85.2000770787932
2016,процент,сельское население,мужчины,Восточно-Казахстанская,89.47658226332884
2016,процент,сельское население,женщины,Восточно-Казахстанская,80.9597284369696
2016,процент,,,г.Нур-Султан,99.63275789398622
2016,процент,,мужчины,г.Нур-Султан,99.43010660798599
2016,процент,,женщины,г.Нур-Султан,99.81745473485908
2016,процент,,,г.Алматы,85.41477952012238
2016,процент,,мужчины,г.Алматы,84.63832864558324
2016,процент,,женщины,г.Алматы,86.0512550156694
2016,процент,,,г.Шымкент,80.96892964380258
2016,процент,,мужчины,г.Шымкент,81.25388595283563
2016,процент,,женщины,г.Шымкент,80.71188384315121
2017,процент,,,,86.80755726815967
2017,процент,,мужчины,,87.14366814724087
2017,процент,,женщины,,86.49801031644327
2017,процент,городское население,,,89.65166028807316
2017,процент,городское население,мужчины,,89.74279506982195
2017,процент,городское население,женщины,,89.57258265050886
2017,процент,сельское население,,,82.9638900638297
2017,процент,сельское население,мужчины,,83.87658175256642
2017,процент,сельское население,женщины,,82.05304593519199
2017,процент,,,Акмолинская,84.72565384737442
2017,процент,,мужчины,Акмолинская,84.82758403981876
2017,процент,,женщины,Акмолинская,84.63121733940814
2017,процент,городское население,,Акмолинская,87.76581669861307
2017,процент,городское население,мужчины,Акмолинская,88.28540964077202
2017,процент,городское население,женщины,Акмолинская,87.31502267488285
2017,процент,сельское население,,Акмолинская,82.04795889075525
2017,процент,сельское население,мужчины,Акмолинская,81.97130487920336
2017,процент,сельское население,женщины,Акмолинская,82.12319605772615
2017,процент,,,Актюбинская,89.46883514698168
2017,процент,,мужчины,Актюбинская,89.7734295561222
2017,процент,,женщины,Актюбинская,89.1891611133907
2017,процент,городское население,,Актюбинская,91.93557597103094
2017,процент,городское население,мужчины,Актюбинская,91.83631560124135
2017,процент,городское население,женщины,Актюбинская,92.02252368786988
2017,процент,сельское население,,Актюбинская,85.29892798991735
2017,процент,сельское население,мужчины,Актюбинская,86.50708403662217
2017,процент,сельское население,женщины,Актюбинская,84.09794151401137
2017,процент,,,Алматинская,89.26621643304114
2017,процент,,мужчины,Алматинская,89.78675244859717
2017,процент,,женщины,Алматинская,88.76502610833742
2017,процент,городское население,,Алматинская,86.33263414896506
2017,процент,городское население,мужчины,Алматинская,85.18087708095419
2017,процент,городское население,женщины,Алматинская,87.36247074097591
2017,процент,сельское население,,Алматинская,90.1585673428965
2017,процент,сельское население,мужчины,Алматинская,91.11974737397458
2017,процент,сельское население,женщины,Алматинская,89.21206537867606
2017,процент,,,Атырауская,87.72917290184303
2017,процент,,мужчины,Атырауская,86.96690900173246
2017,процент,,женщины,Атырауская,88.45618442942992
2017,процент,городское население,,Атырауская,93.5609466348247
2017,процент,городское население,мужчины,Атырауская,94.50858356185579
2017,процент,городское население,женщины,Атырауская,92.70950799412992
2017,процент,сельское население,,Атырауская,82.4610985747782
2017,процент,сельское население,мужчины,Атырауская,80.53937622260808
2017,процент,сельское население,женщины,Атырауская,84.3953483227267
2017,процент,,,Западно-Казахстанская,90.7363946564845
2017,процент,,мужчины,Западно-Казахстанская,91.0731313724052
2017,процент,,женщины,Западно-Казахстанская,90.42639755013016
2017,процент,городское население,,Западно-Казахстанская,97.342111341309
2017,процент,городское население,мужчины,Западно-Казахстанская,97.27474972191324
2017,процент,городское население,женщины,Западно-Казахстанская,97.398547833719
2017,процент,сельское население,,Западно-Казахстанская,83.96621844102908
2017,процент,сельское население,мужчины,Западно-Казахстанская,85.31674752132159
2017,процент,сельское население,женщины,Западно-Казахстанская,82.5973988739683
2017,процент,,,Жымбылская,81.85131256680667
2017,процент,,мужчины,Жымбылская,81.98561678544858
2017,процент,,женщины,Жымбылская,81.72336364887656
2017,процент,городское население,,Жымбылская,84.21105210578895
2017,процент,городское население,мужчины,Жымбылская,83.53510827918204
2017,процент,городское население,женщины,Жымбылская,84.80636827727717
2017,процент,сельское население,,Жымбылская,80.27692221341324
2017,процент,сельское население,мужчины,Жымбылская,81.01923093756291
2017,процент,сельское население,женщины,Жымбылская,79.53176705041713
2017,процент,,,Карагандинская,86.20339706649632
2017,процент,,мужчины,Карагандинская,86.72458846507807
2017,процент,,женщины,Карагандинская,85.74195629482884
2017,процент,городское население,,Карагандинская,87.7708795277273
2017,процент,городское население,мужчины,Карагандинская,88.3676082630093
2017,процент,городское население,женщины,Карагандинская,87.26142394401842
2017,процент,сельское население,,Карагандинская,80.12130521257951
2017,процент,сельское население,мужчины,Карагандинская,80.90695197181284
2017,процент,сельское население,женщины,Карагандинская,79.32077782151137
2017,процент,,,Костанайская,93.10467027440437
2017,процент,,мужчины,Костанайская,93.91385408239066
2017,процент,,женщины,Костанайская,92.38607928355064
2017,процент,городское население,,Костанайская,95.42146514982471
2017,процент,городское население,мужчины,Костанайская,95.93033725207728
2017,процент,городское население,женщины,Костанайская,94.99891057765018
2017,процент,сельское население,,Костанайская,90.45335256525831
2017,процент,сельское население,мужчины,Костанайская,91.77492721234891
2017,процент,сельское население,женщины,Костанайская,89.18640361203104
2017,процент,,,Кызылординская,83.05673595957276
2017,процент,,мужчины,Кызылординская,82.83013197081887
2017,процент,,женщины,Кызылординская,83.28132851498913
2017,процент,городское население,,Кызылординская,88.67069041150043
2017,процент,городское население,мужчины,Кызылординская,89.00939493468675
2017,процент,городское население,женщины,Кызылординская,88.35288186859353
2017,процент,сельское население,,Кызылординская,78.7207002347597
2017,процент,сельское население,мужчины,Кызылординская,78.28519793776955
2017,процент,сельское население,женщины,Кызылординская,79.17097937526556
2017,процент,,,Мангистауская,89.32530438872314
2017,процент,,мужчины,Мангистауская,90.89692902145724
2017,процент,,женщины,Мангистауская,87.78770379875952
2017,процент,городское население,,Мангистауская,92.89004149832407
2017,процент,городское население,мужчины,Мангистауская,93.38246313061414
2017,процент,городское население,женщины,Мангистауская,92.40277214422476
2017,процент,сельское население,,Мангистауская,86.72806378656037
2017,процент,сельское население,мужчины,Мангистауская,89.06792249661068
2017,процент,сельское население,женщины,Мангистауская,84.45774563672641
2017,процент,,,Павлодарская,86.54084226572034
2017,процент,,мужчины,Павлодарская,86.99817883209961
2017,процент,,женщины,Павлодарская,86.13836373801588
2017,процент,городское население,,Павлодарская,89.25920051254778
2017,процент,городское население,мужчины,Павлодарская,90.30370056844299
2017,процент,городское население,женщины,Павлодарская,88.38515691796773
2017,процент,сельское население,,Павлодарская,79.94110318269341
2017,процент,сельское население,мужчины,Павлодарская,79.66393512978587
2017,процент,сельское население,женщины,Павлодарская,80.21661447040873
2017,процент,,,Северо-Казахстанская,83.52932342704908
2017,процент,,мужчины,Северо-Казахстанская,85.53098182476405
2017,процент,,женщины,Северо-Казахстанская,81.72498382225058
2017,процент,городское население,,Северо-Казахстанская,86.47535573800785
2017,процент,городское население,мужчины,Северо-Казахстанская,87.72909345587692
2017,процент,городское население,женщины,Северо-Казахстанская,85.4593899228542
2017,процент,сельское население,,Северо-Казахстанская,81.18382495897039
2017,процент,сельское население,мужчины,Северо-Казахстанская,83.94890534187505
2017,процент,сельское население,женщины,Северо-Казахстанская,78.47195720203443
2017,процент,,,Туркестанская,78.75761098422967
2017,процент,,мужчины,Туркестанская,79.6851890020448
2017,процент,,женщины,Туркестанская,77.81655982526003
2017,процент,городское население,,Туркестанская,76.56864449907552
2017,процент,городское население,мужчины,Туркестанская,75.78327353657833
2017,процент,городское население,женщины,Туркестанская,77.35056748539502
2017,процент,сельское население,,Туркестанская,79.27375537355721
2017,процент,сельское население,мужчины,Туркестанская,80.59463661385662
2017,процент,сельское население,женщины,Туркестанская,77.92772779022087
2017,процент,,,Восточно-Казахстанская,85.31077619681726
2017,процент,,мужчины,Восточно-Казахстанская,85.0664713787479
2017,процент,,женщины,Восточно-Казахстанская,85.52979716211733
2017,процент,городское население,,Восточно-Казахстанская,92.18319488813677
2017,процент,городское население,мужчины,Восточно-Казахстанская,91.35374186072416
2017,процент,городское население,женщины,Восточно-Казахстанская,92.87837857499672
2017,процент,сельское население,,Восточно-Казахстанская,74.77044914674663
2017,процент,сельское население,мужчины,Восточно-Казахстанская,76.244605660048
2017,процент,сельское население,женщины,Восточно-Казахстанская,73.30568811188246
2017,процент,,,г.Нур-Султан,96.2942042962996
2017,процент,,мужчины,г.Нур-Султан,96.10350611838518
2017,процент,,женщины,г.Нур-Султан,96.46750405702991
2017,процент,,,г.Алматы,86.45317311397146
2017,процент,,мужчины,г.Алматы,86.29028327621764
2017,процент,,женщины,г.Алматы,86.58640200817301
2017,процент,,,г.Шымкент,91.1764425705734
2017,процент,,мужчины,г.Шымкент,92.13294056897324
2017,процент,,женщины,г.Шымкент,90.3119880548654
2018,процент,,,,87.92728522221233
2018,процент,,мужчины,,88.77549499708479
2018,процент,,женщины,,87.14488055706352
2018,процент,городское население,,,90.19975510213328
2018,процент,городское население,мужчины,,91.05518870911364
2018,процент,городское население,женщины,,89.4562867926278
2018,процент,сельское население,,,84.7685053974443
2018,процент,сельское население,мужчины,,85.83118470035521
2018,процент,сельское население,женщины,,83.70394055799727
2018,процент,,,Акмолинская,88.8672089658526
2018,процент,,мужчины,Акмолинская,90.20049032705658
2018,процент,,женщины,Акмолинская,87.62777131386022
2018,процент,городское население,,Акмолинская,90.64487679510887
2018,процент,городское население,мужчины,Акмолинская,91.90884237298121
2018,процент,городское население,женщины,Акмолинская,89.5449117686082
2018,процент,сельское население,,Акмолинская,87.31034424329029
2018,процент,сельское население,мужчины,Акмолинская,88.79737721340305
2018,процент,сельское население,женщины,Акмолинская,85.84592877421814
2018,процент,,,Актюбинская,88.13388513700657
2018,процент,,мужчины,Актюбинская,87.71124347394873
2018,процент,,женщины,Актюбинская,88.52264093164732
2018,процент,городское население,,Актюбинская,90.42416930885658
2018,процент,городское население,мужчины,Актюбинская,89.30499325236168
2018,процент,городское население,женщины,Актюбинская,91.41507023346372
2018,процент,сельское население,,Актюбинская,82.80868231779982
2018,процент,сельское население,мужчины,Актюбинская,84.23946729948464
2018,процент,сельское население,женщины,Актюбинская,81.37077361857006
2018,процент,,,Алматинская,91.95136060791474
2018,процент,,мужчины,Алматинская,92.90407866029491
2018,процент,,женщины,Алматинская,91.0292774957306
2018,процент,городское население,,Алматинская,90.13923700618138
2018,процент,городское население,мужчины,Алматинская,90.65411739323903
2018,процент,городское население,женщины,Алматинская,89.67804585817397
2018,процент,сельское население,,Алматинская,92.47973249117592
2018,процент,сельское население,мужчины,Алматинская,93.52723470207084
2018,процент,сельское население,женщины,Алматинская,91.44280776978951
2018,процент,,,Атырауская,86.12814642286753
2018,процент,,мужчины,Атырауская,86.04165540879579
2018,процент,,женщины,Атырауская,86.21084818701709
2018,процент,городское население,,Атырауская,89.07872696817421
2018,процент,городское население,мужчины,Атырауская,90.42940933245531
2018,процент,городское население,женщины,Атырауская,87.85393898154447
2018,процент,сельское население,,Атырауская,82.95560214794847
2018,процент,сельское население,мужчины,Атырауская,81.58156911581568
2018,процент,сельское население,женщины,Атырауская,84.34645247446356
2018,процент,,,Западно-Казахстанская,90.16207126041564
2018,процент,,мужчины,Западно-Казахстанская,91.18222742398329
2018,процент,,женщины,Западно-Казахстанская,89.22060278751488
2018,процент,городское население,,Западно-Казахстанская,95.6739212855994
2018,процент,городское население,мужчины,Западно-Казахстанская,96.73898090829664
2018,процент,городское население,женщины,Западно-Казахстанская,94.77651216119696
2018,процент,сельское население,,Западно-Казахстанская,84.35519636607236
2018,процент,сельское население,мужчины,Западно-Казахстанская,85.86868413942177
2018,процент,сельское население,женщины,Западно-Казахстанская,82.81844501079351
2018,процент,,,Жымбылская,83.02438062013924
2018,процент,,мужчины,Жымбылская,84.20114835091469
2018,процент,,женщины,Жымбылская,81.90014124409102
2018,процент,городское население,,Жымбылская,78.67395789094456
2018,процент,городское население,мужчины,Жымбылская,78.54861011777047
2018,процент,городское население,женщины,Жымбылская,78.78457852319755
2018,процент,сельское население,,Жымбылская,85.88797341272591
2018,процент,сельское население,мужчины,Жымбылская,87.67840382067136
2018,процент,сельское население,женщины,Жымбылская,84.08595204356645
2018,процент,,,Карагандинская,86.31205047109883
2018,процент,,мужчины,Карагандинская,87.26770139413502
2018,процент,,женщины,Карагандинская,85.46465025535002
2018,процент,городское население,,Карагандинская,87.32465610396456
2018,процент,городское население,мужчины,Карагандинская,88.04193551578905
2018,процент,городское население,женщины,Карагандинская,86.71112185241016
2018,процент,сельское население,,Карагандинская,82.36050373130637
2018,процент,сельское население,мужчины,Карагандинская,84.50917181434664
2018,процент,сельское население,женщины,Карагандинская,80.16892134849417
2018,процент,,,Костанайская,91.32357953375023
2018,процент,,мужчины,Костанайская,91.44615433565248
2018,процент,,женщины,Костанайская,91.2145056448854
2018,процент,городское население,,Костанайская,93.68574604860251
2018,процент,городское население,мужчины,Костанайская,93.18207860662312
2018,процент,городское население,женщины,Костанайская,94.10505250929563
2018,процент,сельское население,,Костанайская,88.55495279533254
2018,процент,сельское население,мужчины,Костанайская,89.5607996924685
2018,процент,сельское население,женщины,Костанайская,87.58751303385608
2018,процент,,,Кызылординская,85.90732056275336
2018,процент,,мужчины,Кызылординская,86.58189058997473
2018,процент,,женщины,Кызылординская,85.23702539753532
2018,процент,городское население,,Кызылординская,93.89481046157712
2018,процент,городское население,мужчины,Кызылординская,93.8065238695226
2018,процент,городское население,женщины,Кызылординская,93.97796083317677
2018,процент,сельское население,,Кызылординская,79.69218495320166
2018,процент,сельское население,мужчины,Кызылординская,81.2233921043341
2018,процент,сельское население,женщины,Кызылординская,78.105923292475
2018,процент,,,Мангистауская,88.69534726904922
2018,процент,,мужчины,Мангистауская,88.56474763894495
2018,процент,,женщины,Мангистауская,88.82308584274139
2018,процент,городское население,,Мангистауская,91.75555193905512
2018,процент,городское население,мужчины,Мангистауская,91.48311047000416
2018,процент,городское население,женщины,Мангистауская,92.02476520279134
2018,процент,сельское население,,Мангистауская,86.57914907595537
2018,процент,сельское население,мужчины,Мангистауская,86.52891643619121
2018,процент,сельское население,женщины,Мангистауская,86.62793486341944
2018,процент,,,Павлодарская,88.11006925616846
2018,процент,,мужчины,Павлодарская,89.44824612972764
2018,процент,,женщины,Павлодарская,86.92970702155405
2018,процент,городское население,,Павлодарская,91.36126740692792
2018,процент,городское население,мужчины,Павлодарская,93.46472911000605
2018,процент,городское население,женщины,Павлодарская,89.59948455868197
2018,процент,сельское население,,Павлодарская,80.21659740586828
2018,процент,сельское население,мужчины,Павлодарская,80.55720691218701
2018,процент,сельское население,женщины,Павлодарская,79.87610797743756
2018,процент,,,Северо-Казахстанская,84.82252502148063
2018,процент,,мужчины,Северо-Казахстанская,85.13159417414738
2018,процент,,женщины,Северо-Казахстанская,84.54328879860795
2018,процент,городское население,,Северо-Казахстанская,86.37482923943027
2018,процент,городское население,мужчины,Северо-Казахстанская,86.47797065339105
2018,процент,городское население,женщины,Северо-Казахстанская,86.2908667600576
2018,процент,сельское население,,Северо-Казахстанская,83.54780856567156
2018,процент,сельское население,мужчины,Северо-Казахстанская,84.13112935353848
2018,процент,сельское население,женщины,Северо-Казахстанская,82.97395082158917
2018,процент,,,Туркестанская,80.37042534942408
2018,процент,,мужчины,Туркестанская,81.22557042514572
2018,процент,,женщины,Туркестанская,79.49867078274228
2018,процент,городское население,,Туркестанская,77.89322296617075
2018,процент,городское население,мужчины,Туркестанская,78.00266804536953
2018,процент,городское население,женщины,Туркестанская,77.78346754061424
2018,процент,сельское население,,Туркестанская,80.94845866704055
2018,процент,сельское население,мужчины,Туркестанская,81.97002166584471
2018,процент,сельское население,женщины,Туркестанская,79.9030296811267
2018,процент,,,Восточно-Казахстанская,87.34541820872835
2018,процент,,мужчины,Восточно-Казахстанская,87.71079724073431
2018,процент,,женщины,Восточно-Казахстанская,87.0175187853318
2018,процент,городское население,,Восточно-Казахстанская,94.22063176542886
2018,процент,городское население,мужчины,Восточно-Казахстанская,94.29950969697666
2018,процент,городское население,женщины,Восточно-Казахстанская,94.15438987288064
2018,процент,сельское население,,Восточно-Казахстанская,76.52170504816296
2018,процент,сельское население,мужчины,Восточно-Казахстанская,78.22146700651373
2018,процент,сельское население,женщины,Восточно-Казахстанская,74.82903572443152
2018,процент,,,г.Нур-Султан,94.19164879238328
2018,процент,,мужчины,г.Нур-Султан,98.47858562808041
2018,процент,,женщины,г.Нур-Султан,90.31903634532092
2018,процент,,,г.Алматы,89.80043873012005
2018,процент,,мужчины,г.Алматы,90.54687605858999
2018,процент,,женщины,г.Алматы,89.19044613493672
2018,процент,,,г.Шымкент,91.30396348082004
2018,процент,,мужчины,г.Шымкент,92.36681484036042
2018,процент,,женщины,г.Шымкент,90.34503822382472
2019,процент,,,,88.12097004703236
2019,процент,,мужчины,,88.5960218220858
2019,процент,,женщины,,87.68209467503725
2019,процент,городское население,,,90.05839995548139
2019,процент,городское население,мужчины,,90.58035861573099
2019,процент,городское население,женщины,,89.60399153099115
2019,процент,сельское население,,,85.39844628719246
2019,процент,сельское население,мужчины,,86.00571846176855
2019,процент,сельское население,женщины,,84.78872340590502
2019,процент,,,Акмолинская,88.11544799788605
2019,процент,,мужчины,Акмолинская,89.20136915283669
2019,процент,,женщины,Акмолинская,87.10455354871533
2019,процент,городское население,,Акмолинская,89.23739425712861
2019,процент,городское население,мужчины,Акмолинская,89.96836122207374
2019,процент,городское население,женщины,Акмолинская,88.60059408030642
2019,процент,сельское население,,Акмолинская,87.13193845979967
2019,процент,сельское население,мужчины,Акмолинская,88.57102216153167
2019,процент,сельское население,женщины,Акмолинская,85.71228109564436
2019,процент,,,Актюбинская,90.66373219043207
2019,процент,,мужчины,Актюбинская,91.57664838406092
2019,процент,,женщины,Актюбинская,89.8219061281598
2019,процент,городское население,,Актюбинская,92.43496940368723
2019,процент,городское население,мужчины,Актюбинская,92.56051547682202
2019,процент,городское население,женщины,Актюбинская,92.32351312164198
2019,процент,сельское население,,Актюбинская,86.44354948227995
2019,процент,сельское население,мужчины,Актюбинская,89.38193905817172
2019,процент,сельское население,женщины,Актюбинская,83.47796525255417
2019,процент,,,Алматинская,91.72652554303212
2019,процент,,мужчины,Алматинская,91.91252630743077
2019,процент,,женщины,Алматинская,91.54669909386892
2019,процент,городское население,,Алматинская,90.23761031907671
2019,процент,городское население,мужчины,Алматинская,91.1744221119307
2019,процент,городское население,женщины,Алматинская,89.40154416533092
2019,процент,сельское население,,Алматинская,92.14729405676974
2019,процент,сельское население,мужчины,Алматинская,92.11036739397743
2019,процент,сельское население,женщины,Алматинская,92.18381030253477
2019,процент,,,Атырауская,84.65256384684145
2019,процент,,мужчины,Атырауская,84.70095912890929
2019,процент,,женщины,Атырауская,84.60625161513009
2019,процент,городское население,,Атырауская,88.53459096940789
2019,процент,городское население,мужчины,Атырауская,90.17212241656412
2019,процент,городское население,женщины,Атырауская,87.04452747990425
2019,процент,сельское население,,Атырауская,80.53095323316401
2019,процент,сельское население,мужчины,Атырауская,79.1919957553248
2019,процент,сельское население,женщины,Атырауская,81.88259419092215
2019,процент,,,Западно-Казахстанская,87.55776966246414
2019,процент,,мужчины,Западно-Казахстанская,87.42274429555228
2019,процент,,женщины,Западно-Казахстанская,87.68272374020847
2019,процент,городское население,,Западно-Казахстанская,94.46380048452421
2019,процент,городское население,мужчины,Западно-Казахстанская,95.0352901676557
2019,процент,городское население,женщины,Западно-Казахстанская,93.97939203088413
2019,процент,сельское население,,Западно-Казахстанская,80.16194186803315
2019,процент,сельское население,мужчины,Западно-Казахстанская,80.00270344297692
2019,процент,сельское население,женщины,Западно-Казахстанская,80.32377950023137
2019,процент,,,Жымбылская,81.35257295154081
2019,процент,,мужчины,Жымбылская,81.42272348595377
2019,процент,,женщины,Жымбылская,81.28538374689262
2019,процент,городское население,,Жымбылская,76.80564140831339
2019,процент,городское население,мужчины,Жымбылская,74.91748990923891
2019,процент,городское население,женщины,Жымбылская,78.47215558917962
2019,процент,сельское население,,Жымбылская,84.33081501949083
2019,процент,сельское население,мужчины,Жымбылская,85.39749153512328
2019,процент,сельское население,женщины,Жымбылская,83.25308461392852
2019,процент,,,Карагандинская,89.66930912758448
2019,процент,,мужчины,Карагандинская,90.03760236867475
2019,процент,,женщины,Карагандинская,89.34224818069781
2019,процент,городское население,,Карагандинская,90.0004303808364
2019,процент,городское население,мужчины,Карагандинская,90.34777504073558
2019,процент,городское население,женщины,Карагандинская,89.70281018775326
2019,процент,сельское население,,Карагандинская,88.37113279272663
2019,процент,сельское население,мужчины,Карагандинская,88.92695633724793
2019,процент,сельское население,женщины,Карагандинская,87.80352758028536
2019,процент,,,Костанайская,91.84251913312801
2019,процент,,мужчины,Костанайская,92.57293091314682
2019,процент,,женщины,Костанайская,91.19136146633474
2019,процент,городское население,,Костанайская,95.58685144297195
2019,процент,городское население,мужчины,Костанайская,95.60435676161524
2019,процент,городское население,женщины,Костанайская,95.5722646963532
2019,процент,сельское население,,Костанайская,87.35132218470531
2019,процент,сельское население,мужчины,Костанайская,89.21005164745291
2019,процент,сельское население,женщины,Костанайская,85.55505330882849
2019,процент,,,Кызылординская,82.22601708272047
2019,процент,,мужчины,Кызылординская,80.79084543245607
2019,процент,,женщины,Кызылординская,83.65614906687256
2019,процент,городское население,,Кызылординская,86.4960470234652
2019,процент,городское население,мужчины,Кызылординская,84.11370265381419
2019,процент,городское население,женщины,Кызылординская,88.74985847149212
2019,процент,сельское население,,Кызылординская,78.87415835899576
2019,процент,сельское население,мужчины,Кызылординская,78.3011713585915
2019,процент,сельское население,женщины,Кызылординская,79.46889193817745
2019,процент,,,Мангистауская,91.57749868877038
2019,процент,,мужчины,Мангистауская,92.14973329991491
2019,процент,,женщины,Мангистауская,91.01787104469574
2019,процент,городское население,,Мангистауская,94.53370247880467
2019,процент,городское население,мужчины,Мангистауская,95.27387710603699
2019,процент,городское население,женщины,Мангистауская,93.80515083111021
2019,процент,сельское население,,Мангистауская,89.564875553
2019,процент,сельское население,мужчины,Мангистауская,90.01109052904499
2019,процент,сельское население,женщины,Мангистауская,89.13040331429333
2019,процент,,,Павлодарская,86.38593634257899
2019,процент,,мужчины,Павлодарская,86.61052737103941
2019,процент,,женщины,Павлодарская,86.18744912593512
2019,процент,городское население,,Павлодарская,89.33343854672616
2019,процент,городское население,мужчины,Павлодарская,89.16760233305472
2019,процент,городское население,женщины,Павлодарская,89.4723886108148
2019,процент,сельское население,,Павлодарская,79.247199883318
2019,процент,сельское население,мужчины,Павлодарская,80.97787097842283
2019,процент,сельское население,женщины,Павлодарская,77.50780261280384
2019,процент,,,Северо-Казахстанская,86.5617440586092
2019,процент,,мужчины,Северо-Казахстанская,87.12644538101532
2019,процент,,женщины,Северо-Казахстанская,86.05061491059436
2019,процент,городское население,,Северо-Казахстанская,91.10871979855236
2019,процент,городское население,мужчины,Северо-Казахстанская,91.83205297502577
2019,процент,городское население,женщины,Северо-Казахстанская,90.51866820252943
2019,процент,сельское население,,Северо-Казахстанская,82.75007124019653
2019,процент,сельское население,мужчины,Северо-Казахстанская,83.55901115844702
2019,процент,сельское население,женщины,Северо-Казахстанская,81.95153268243772
2019,процент,,,Туркестанская,82.52904458872291
2019,процент,,мужчины,Туркестанская,83.31113544133714
2019,процент,,женщины,Туркестанская,81.72833559389353
2019,процент,городское население,,Туркестанская,79.55130816230613
2019,процент,городское население,мужчины,Туркестанская,78.20592112250189
2019,процент,городское население,женщины,Туркестанская,80.90508489492642
2019,процент,сельское население,,Туркестанская,83.22924940209454
2019,процент,сельское население,мужчины,Туркестанская,84.49895164484563
2019,процент,сельское население,женщины,Туркестанская,81.92401855494651
2019,процент,,,Восточно-Казахстанская,89.73957792581469
2019,процент,,мужчины,Восточно-Казахстанская,89.85391384514374
2019,процент,,женщины,Восточно-Казахстанская,89.63688736152305
2019,процент,городское население,,Восточно-Казахстанская,95.3212775852969
2019,процент,городское население,мужчины,Восточно-Казахстанская,96.20867247043414
2019,процент,городское население,женщины,Восточно-Казахстанская,94.575242849774
2019,процент,сельское население,,Восточно-Казахстанская,80.78333218038776
2019,процент,сельское население,мужчины,Восточно-Казахстанская,80.53133366344112
2019,процент,сельское население,женщины,Восточно-Казахстанская,81.03487997051099
2019,процент,,,г.Нур-Султан,94.68484430376179
2019,процент,,мужчины,г.Нур-Султан,98.0475976650202
2019,процент,,женщины,г.Нур-Султан,91.65671794177142
2019,процент,,,г.Алматы,88.34328696189951
2019,процент,,мужчины,г.Алматы,88.80549458330385
2019,процент,,женщины,г.Алматы,87.96372567704782
2019,процент,,,г.Шымкент,88.62556452748156
2019,процент,,мужчины,г.Шымкент,89.29776418192449
2019,процент,,женщины,г.Шымкент,88.01857636125095
